Sentiment,Sentence
positive,You are capable of achieving great things.
positive,Your kindness is a balm to all who encounter it.
positive,You have a natural talent for making people feel valued.
positive,Your positive attitude is contagious.
positive,You bring out the best in people.
positive,Your hard work is paying off.
positive,You have a bright future ahead of you.
positive,Your creativity is inspiring.
positive,You are a great friend.
positive,You have a wonderful sense of humor.
positive,You make a difference in the world.
positive,Your determination is admirable.
positive,You have a heart of gold.
positive,You are a source of inspiration to many.
positive,Your smile lights up the room.
positive,You are incredibly thoughtful.
positive,Your generosity knows no bounds.
positive,You have an infectious enthusiasm for life.
positive,You are a brilliant problem solver.
positive,Your dedication is unmatched.
negative,I am so disappointed in you.
negative,You are a failure.
negative,This is the worst thing ever.
negative,I can't stand your attitude.
negative,You always mess things up.
negative,You are a burden to everyone.
negative,Nobody likes you.
negative,You will never succeed.
negative,Your work is terrible.
negative,You are always so negative.
negative,I am frustrated with your behavior.
negative,You are not good at this.
negative,You make everything difficult.
negative,Your ideas are terrible.
negative,You are a bad influence.
negative,You are a waste of space.
negative,Your presence is annoying.
negative,I regret knowing you.
negative,You are so selfish.
negative,You are a liar.
neutral,The sky is blue.
neutral,It is raining outside.
neutral,She is reading a book.
neutral,He went to the store.
neutral,The dog is barking.
neutral,The computer is on the desk.
neutral,The meeting is at 3 PM.
neutral,I have a doctor's appointment.
neutral,She likes to play tennis.
neutral,He is studying for exams.
neutral,The coffee is hot.
neutral,The car needs fuel.
neutral,I will call you tomorrow.
neutral,She is wearing a red dress.
neutral,He is working on his project.
neutral,The book is on the shelf.
neutral,The train arrives at 5 PM.
neutral,The movie starts at 7 PM.
neutral,She is painting a picture.
neutral,He is cooking dinner.
